1116	OK
1Jiang	OK
1mmeta1s	OK
1xn	OK
2274	OK
3z	OK
A Bee	OK
Adiogs	OK
Adizai	OK
Albis	OK
Alex	OK
AmazingJ	OK
Anex	OK
Atlen	OK
Avoidless	OK
Azhi	OK
B1ven	OK
BangTwo	OK
Baybay	OK
BeBe	OK
Betty	OK
Billy (Taiwanese player)	OK
Breeze	OK
Bruce	OK
BuLuKaKa	OK
Bush	OK
Bwater	OK
CCB	OK
CaiPi	OK
Cause	OK
Ch1chi	OK
Cha	OK
Cheng9	OK
ChiCh1	OK
Chillguys	OK
Chillyz	OK
Coool	OK
Cryscata	OK
Cuicuixi	OK
Dennis	OK
DinTer	OK
Do1u1u	OK
DoTmm	OK
Doggo	OK
Doggy	OK
Doraemon	OK
Driver	OK
EN	OK
Empt2y	OK
Enso	OK
Epic	OK
Epoch	OK
Fai	OK
Feng (Taiwanese player)	OK
Feng55	OK
Fiya	OK
Flauren	OK
FoFo	OK
Fung	OK
GarnetDevil	OK
Gear	OK
Gemini	OK
GoDJJ	OK
GodKwai	OK
Hana	OK
Hanabi	OK
Happiness	OK
Hasu	OK
Holo	OK
Hong2	OK
HongQ	OK
HongSuo	OK
HotPot	OK
Hsien	OK
Husha	OK
Husky	OK
ICU	OK
Illusion (Taiwanese player)	OK
JF	OK
Jabu	OK
Jcain	OK
JimieN	OK
JoJo (Hong Kong player)	OK
JokerHan	OK
JunJia	OK
K	OK
KL	OK
Ka1ser	OK
KaSing	OK
Kaiwing	OK
Kanashimi	OK
Kane	OK
Karsa	OK
Kartis	OK
Kenma (Taiwanese player)	OK
KennyChan	OK
Keres	OK
Kerry	OK
Killer (Taiwanese player)	OK
Kingpo54	OK
Kino	OK
Kirt	OK
Ko1eee	OK
Koala (Taiwanese player)	OK
Kongyue	OK
KuKu	OK
LOFS	OK
Laba	OK
Lacunae	OK
Lantyr	OK
LaoPi	OK
Lauva	OK
Leaky	OK
Liang	OK
Likai	OK
Lilv	OK
LuciferYYY	OK
MMD	OK
MOB	OK
MadDogg	OK
Maple (Taiwanese player)	OK
MapleSnow	OK
Medzz	OK
Minji	OK
Mission	OK
MnM	OK
MoonBlack	OK
Myths	OK
Natur3	OK
Naz	OK
Nestea	OK
Nexus (Hong Kong player)	OK
NuL1	OK
OVERT1ME	OK
Orca	OK
POP9	OK
PaSa	OK
Patience	OK
PicaPica	OK
Pika1	OK
Pinvvei	OK
Pk	OK
Prage	OK
Pretender	OK
Qubi	OK
RYue	OK
ReD	OK
Rebirth	OK
RenYe	OK
Renhao	OK
Rest	OK
Rex	OK
Rock (Taiwanese player)	OK
Rwei	OK
S1aytrue	OK
Saii	OK
ShengBai	OK
ShiauC	OK
Shunn	OK
Siuman	OK
SkuLL	OK
Solokill	OK
Sun1	OK
SuperCat	OK
SwordArT	OK
Swordd	OK
TNS	OK
Taco	OK
Taizan	OK
Tak	OK
Tako	OK
Tide (Taiwanese player)	OK
Ubao	OK
Unified	OK
Violet (Hong Kong player)	OK
Wako	OK
WeiLun	OK
Weizhe	OK
Wen	OK
Westdoor	OK
Wh1t3zZ	OK
Whale	OK
Wind (Lai Chap-yin)	OK
Wind (Lee Chi-wa)	OK
Wing	OK
Woody	OK
Wuji	OK
XiaoXiang (Taiwanese player)	OK
Xin (Taiwanese player)	OK
Xinshou1	OK
YMS	OK
YSKM	OK
Ysera	OK
Yuen	OK
Yuhe	OK
Yursan	OK
Zhifeig	OK
Ziv (Taiwanese player)	OK
Zkai	OK
Zonda	OK
